Multiplier,WeightedMAE
mul8u_13QR,774.673
mul8u_150Q,1.26225
mul8u_185Q,25.1747
mul8u_1JFF,0
mul8u_2AC,31.0497
mul8u_E9R,4272.59
mul8u_FTA,127.888
mul8u_LM7,0.179822
mul8u_Y48,0.019084
VGG16_XFYW_1,37.7226
VGG16_XFYW_2,37.771
VGG16_XFYW_3,39.8783
VGG16_XFYW_4,37.8693
VGG16_XFYW_5,38.0713
VGG16_XFYW_6,36.5051
VGG16_XFYW_7,38.3074
VGG16_XFYW_8,39.6695
VGG16_XFYW_9,37.7226
